model num,loss,accuracy,epoch
1,1.113209843635559,0.37286680936813354,600
