model num,loss,accuracy,epoch
1,1.0826352834701538,0.38356009125709534,600
