model num,loss,accuracy,epoch
1,1.0893959999084473,0.39632779359817505,600
