model num,loss,accuracy,epoch
1,1.1043602228164673,0.37740594148635864,600
